<?xml version="1.0" encoding="UTF-8"?>
<ti:app xmlns:ti="http://ti.appcelerator.org">
    <id>re.notifica.demo.geo</id>
    <name>AppceleratorApp</name>
    <version>1.0</version>
    <publisher>Notificare B.V.</publisher>
    <url>http://notifica.re</url>
    <description/>
    <copyright>2016 Notificare B.V.</copyright>
    <icon>appicon.png</icon>
    <fullscreen>false</fullscreen>
    <navbar-hidden>false</navbar-hidden>
    <analytics>true</analytics>
    <guid>135ba793-e38f-40c8-9ddd-3172ecf05dbe</guid>
    <property name="ti.ui.defaultunit" type="string">dp</property>
    <ios>
        <plist>
            <dict>
                <key>UISupportedInterfaceOrientations~iphone</key>
                <array>
                    <string>UIInterfaceOrientationPortrait</string>
                </array>
                <key>UISupportedInterfaceOrientations~ipad</key>
                <array>
                    <string>UIInterfaceOrientationPortrait</string>
                    <string>UIInterfaceOrientationPortraitUpsideDown</string>
                    <string>UIInterfaceOrientationLandscapeLeft</string>
                    <string>UIInterfaceOrientationLandscapeRight</string>
                </array>
                <key>UIRequiresPersistentWiFi</key>
                <false/>
                <key>UIPrerenderedIcon</key>
                <false/>
                <key>UIStatusBarHidden</key>
                <false/>
                <key>UIStatusBarStyle</key>
                <string>UIStatusBarStyleDefault</string>
                <key>NSLocationAlwaysUsageDescription</key>
                <string>
                    Specify the reason for accessing the user's location information.
                    This appears in the alert dialog when asking the user for permission to
                    access their location.
                </string>
                <key>UIBackgroundModes</key>
                <array>
                    <string>remote-notification</string>
                </array>
            </dict>
        </plist>
    </ios>
    <android xmlns:android="http://schemas.android.com/apk/res/android">
        <manifest>
            <uses-sdk android:targetSdkVersion="23"/>
        </manifest>
    </android>
    <mobileweb>
        <precache/>
        <splash>
            <enabled>true</enabled>
            <inline-css-images>true</inline-css-images>
        </splash>
        <theme>default</theme>
    </mobileweb>
    <modules>
        <module platform="commonjs">ti.cloud</module>
        <module platform="android">ti.notificare</module>
        <module platform="iphone">ti.notificare</module>
    </modules>
    <deployment-targets>
        <target device="android">true</target>
        <target device="ipad">false</target>
        <target device="iphone">false</target>
        <target device="mobileweb">false</target>
        <target device="windows">false</target>
    </deployment-targets>
    <sdk-version>5.1.2.GA</sdk-version>
    <plugins>
        <plugin version="1.0">ti.alloy</plugin>
        <plugin version="1.0">ti.notificare</plugin>
    </plugins>
    <property name="appc-app-id" type="string">5563239dc822899622782867</property>
    <property name="acs-authbase-url-development" type="string">https://secure-identity.cloud.appcelerator.com</property>
    <property name="acs-base-url-development" type="string">https://api.cloud.appcelerator.com</property>
    <property name="acs-oauth-secret-development" type="string">xjaC4t8xwUlktWvyasHHtY0fsV5ppPmZ</property>
    <property name="acs-oauth-key-development" type="string">mANCJgapltGHqS0ANRGSHn1JszVxUJeN</property>
    <property name="acs-api-key-development" type="string">NmlmikptlUtXoH3C1GqFyf7jeTnJC140</property>
    <property name="acs-username-development" type="string">appc_app_user_dev</property>
    <property name="acs-password-development" type="string">Pnhl0bF8IITTYytzKg</property>
    <property name="acs-authbase-url-production" type="string">https://secure-identity.cloud.appcelerator.com</property>
    <property name="acs-base-url-production" type="string">https://api.cloud.appcelerator.com</property>
    <property name="acs-oauth-secret-production" type="string">5uEnDF6v7h4SCEnO7DAg2aDqZuWu4RFT</property>
    <property name="acs-oauth-key-production" type="string">axhEHh2DZARNqpcPfSGjywyWlqu9sLyW</property>
    <property name="acs-api-key-production" type="string">CrAtRrzPGby4ZcTPIefAZ7WVpdoVaVOB</property>
    <property name="acs-username-production" type="string">appc_app_user</property>
    <property name="acs-password-production" type="string">oycn2ujNLPROIgFeiw</property>
    <property name="appc-org-id" type="string">100026621</property>
    <property name="appc-creator-user-id" type="string">be389fa3-e190-4ae7-8c55-21b53d1a6d1c</property>
</ti:app>
