<?xml version="1.0" encoding="UTF-8"?>
<ti:app xmlns:ti="http://ti.appcelerator.org">
    <id>re.notifica.demo.geo</id>
    <name>AppceleratorApp</name>
    <version>1.0</version>
    <publisher>joel</publisher>
    <url>http://notifica.re</url>
    <description/>
    <copyright>2016 by joel</copyright>
    <icon>appicon.png</icon>
    <fullscreen>false</fullscreen>
    <navbar-hidden>false</navbar-hidden>
    <analytics>true</analytics>
    <guid>36aaf6ec-9267-4a51-9777-c6b5de4e4601</guid>
    <property name="ti.ui.defaultunit" type="string">dp</property>
    <ios>
        <plist>
            <dict>
                <key>UISupportedInterfaceOrientations~iphone</key>
                <array>
                    <string>UIInterfaceOrientationPortrait</string>
                </array>
                <key>UISupportedInterfaceOrientations~ipad</key>
                <array>
                    <string>UIInterfaceOrientationPortrait</string>
                    <string>UIInterfaceOrientationPortraitUpsideDown</string>
                    <string>UIInterfaceOrientationLandscapeLeft</string>
                    <string>UIInterfaceOrientationLandscapeRight</string>
                </array>
                <key>UIRequiresPersistentWiFi</key>
                <false/>
                <key>UIPrerenderedIcon</key>
                <false/>
                <key>UIStatusBarHidden</key>
                <false/>
                <key>UIStatusBarStyle</key>
                <string>UIStatusBarStyleDefault</string>
                <key>NSLocationAlwaysUsageDescription</key>
                <string>
                    Specify the reason for accessing the user's location information.
                    This appears in the alert dialog when asking the user for permission to
                    access their location.
                </string>
                <key>UIBackgroundModes</key>
			    <array>
			         <string>remote-notification</string>
			     </array>
            </dict>
        </plist>
    </ios>
    <android xmlns:android="http://schemas.android.com/apk/res/android"/>
    <mobileweb>
        <precache/>
        <splash>
            <enabled>true</enabled>
            <inline-css-images>true</inline-css-images>
        </splash>
        <theme>default</theme>
    </mobileweb>
    <modules>
        <module platform="commonjs">ti.cloud</module>
        <module platform="iphone">ti.notificare</module>
    </modules>
    <deployment-targets>
        <target device="android">true</target>
        <target device="ipad">true</target>
        <target device="iphone">true</target>
        <target device="mobileweb">false</target>
        <target device="windows">false</target>
    </deployment-targets>
    <sdk-version>5.1.1.GA</sdk-version>
    <plugins>
        <plugin version="1.0">ti.alloy</plugin>
    </plugins>
    <property name="appc-app-id" type="string">56b9bedfa67170bd414ce942</property>
    <property name="acs-authbase-url-development" type="string">https://secure-identity.cloud.appcelerator.com</property>
    <property name="acs-base-url-development" type="string">https://api.cloud.appcelerator.com</property>
    <property name="acs-oauth-secret-development" type="string">9Dy3bKa0sJMz1NCSHMq8G6nuFQ88StS7</property>
    <property name="acs-oauth-key-development" type="string">yRjdhQlWOtEwPiiW7I0XhJU7QZF4MWjM</property>
    <property name="acs-api-key-development" type="string">h4XmQhyVKGcx5TaSxWxcIkFIu413UvcD</property>
    <property name="acs-username-development" type="string">appc_app_user_dev</property>
    <property name="acs-password-development" type="string">YmcxOxjRQCEqN3t311</property>
    <property name="acs-authbase-url-production" type="string">https://secure-identity.cloud.appcelerator.com</property>
    <property name="acs-base-url-production" type="string">https://api.cloud.appcelerator.com</property>
    <property name="acs-oauth-secret-production" type="string">0co0RhO8ajs2kUYxi6gxIjQLbWmNSnN6</property>
    <property name="acs-oauth-key-production" type="string">SwgbOirfbtrxNnqDW7V1C8Ekn52CFZ30</property>
    <property name="acs-api-key-production" type="string">0vpyxVF7uSxT5HJRdMjCkYxGOD4EBOEG</property>
    <property name="acs-username-production" type="string">appc_app_user</property>
    <property name="acs-password-production" type="string">VTal7XtCVHuLWSywG8</property>
    <property name="appc-org-id" type="string">100015247</property>
    <property name="appc-creator-user-id" type="string">a81ba039-ec89-4469-9fa2-87879be25a84</property>
</ti:app>
